都道府県,パネル名,PML_100,PML_50,PML_10,PML_100_割合,PML_50_割合,PML_10_割合
Tokyo,PanelA,46522217.73836529,41993093.97169617,9332262.181179786,93.04443547673058,83.98618794339234,18.664524362359572
Tokyo,PanelC,2326110.8869182644,2099654.6985848085,466613.10905898927,93.04443547673058,83.98618794339234,18.664524362359572
Osaka,PanelD,290129.72400476935,190294.52435279073,0.0,72.53243100119234,47.57363108819768,0.0
